Company name	City
Cunningham-Little	Copenhagen
Young-Rodriguez	Berlin
Stewart, Young and Rodriguez	Berlin
Perez, Farrell and Smith	Manchester
Walls Group	London
Clark, Moore and French	Copenhagen
Butler, Kim and Thompson	London
Mcbride, Shaffer and Martinez	Rome
Murray, Sutton and Curtis	Berlin
Thomas-Dawson	Copenhagen
Hopkins-Jones	London
Hernandez, Taylor and Davis	Hamburg
Martinez and Sons	Paris
Daugherty and Sons	Paris
Thompson, Levine and Green	Barcelona
Alexander-Burke	Paris
Reed and Sons	Berlin
Moreno PLC	Paris
Gonzalez, Gray and Macdonald	Stockholm
Deleon Group	Stockholm
Bennett and Sons	Hamburg
Harvey Inc	Madrid
White and Sons	Rome
Dorsey-Steele	Manchester
Norton-Gutierrez	Lisbon
Hammond-Arnold	Rome
Cruz Group	Brussels
Green-Blevins	Manchester
Coffey-Rose	Copenhagen
Johnson PLC	Lisbon
Nielsen-Stevens	Rome
Harris-Lucas	Barcelona
Kane, Ware and Anderson	Hamburg
Patterson, Jackson and Harris	Madrid
Howard, Bates and Hicks	Copenhagen
Houston, Underwood and Rodriguez	London
Bowers, Henry and Winters	Rome
Robinson LLC	Amsterdam
Turner LLC	Paris
Hamilton, Reynolds and Dixon	Berlin
Jackson-Jordan	Rome
Smith PLC	Paris
Rhodes, Jefferson and Rice	Copenhagen
Vazquez-Long	Copenhagen
Wiggins, Peters and Martin	London
Peterson LLC	Manchester
Villanueva and Sons	Stockholm
Stewart, Davis and Bennett	Brussels
Johnson PLC	Manchester
Sherman, Brandt and Lewis	Lisbon
Yates, Jenkins and Harris	London
Oneill-Ortiz	London
Estrada LLC	Lisbon
Castro, Franco and Glover	Paris
Mack, Galvan and Taylor	Stockholm
Hayes-Nguyen	Stockholm
Johnson-Navarro	Lisbon
Silva-Wong	Copenhagen
Manning Group	Brussels
Wilson, Cook and Quinn	Rome
Marshall and Sons	Brussels
Watson, Herrera and Smith	Brussels
Ponce, Bailey and Wagner	Madrid
Bryan Ltd	Madrid
Wagner-Mcdonald	Stockholm
Gonzalez Group	Manchester
Stewart, Anderson and King	Manchester
Miller, Franco and Clark	Manchester
Parker PLC	London
Lara, Rodriguez and Thompson	Lisbon
Nelson-Wells	Hamburg
Murphy, Jordan and Jimenez	Brussels
Sloan, Myers and Owen	Barcelona
Todd, Becker and Schroeder	Hamburg
Huffman, Jones and Cobb	Amsterdam
Taylor LLC	Barcelona
Hall, Johnson and Ryan	Brussels
Davis-Medina	Stockholm
Cowan and Sons	Berlin
Olson-Morris	Manchester
Carter and Sons	Stockholm
Freeman-Petersen	Hamburg
Ford-Curtis	Berlin
Walker-Baker	Barcelona
Gilbert Group	Amsterdam
Ross-Singleton	Madrid
Kennedy and Sons	Amsterdam
Holland PLC	Barcelona
Reed-Marsh	Berlin
Graham-Boyd	Brussels
Gray, Carrillo and Johnston	Lisbon
Castro, Carter and Lopez	Berlin
Harris PLC	Stockholm
Davidson-Pratt	Paris
Butler, Pearson and Hampton	Brussels
Olson, Frederick and Wong	Barcelona
Hernandez, Wilson and Torres	Copenhagen
Nicholson, Brown and Preston	Manchester
Rivera PLC	Amsterdam
Hernandez, Jenkins and Mccormick	Copenhagen
Hardy, Brown and Taylor	Barcelona
Burns-Shaffer	Amsterdam
Perez Group	Barcelona
Young-Barton	Berlin
Dyer PLC	London
Winters, Escobar and Atkinson	Amsterdam
Hunter, Lopez and Fletcher	Lisbon
Porter and Sons	Brussels
Fernandez and Sons	London
Jordan and Sons	Berlin
Rodriguez-Hall	Lisbon
Lee-Monroe	Brussels
Villa, Hood and Davis	Rome
Roach-Love	Amsterdam
Martinez, Dominguez and Briggs	Berlin
Patrick PLC	Amsterdam
Lawson PLC	Berlin
Gates Group	Copenhagen
Cox PLC	Manchester
Frazier, Decker and Rodriguez	Paris
Garcia-Hill	Lisbon
Mcfarland-Esparza	Brussels
Gray, Martin and Robertson	Copenhagen
Smith, Jenkins and Lee	Lisbon
Howard-Freeman	Rome
Ibarra, Stuart and Snyder	Madrid
Rivera, Mccormick and Mathis	Rome
Gonzales, Moss and Walters	Brussels
Miller Group	Rome
Ford, Hunter and Medina	Barcelona
Nunez, Willis and Mcfarland	Berlin
Drake-Murphy	Berlin
Nichols Inc	Rome
Freeman Ltd	Brussels
Elliott, Garza and Wyatt	Paris
Mccall Group	Rome
Perkins LLC	Brussels
Potter LLC	Amsterdam
Barker, Estrada and Williams	London
Long and Sons	Copenhagen
Smith-Williams	Rome
Santos-Stephens	Manchester
Conley Inc	Brussels
Garcia-Martinez	Brussels
Anderson, Pugh and Perez	Manchester
Doyle-Hahn	Madrid
Smith and Sons	Brussels
Garza and Sons	Brussels
Ramirez-Bass	London
Roy, Stanley and Lawrence	Hamburg
Schaefer-Hernandez	Manchester
Lindsey, Lopez and Gibson	Rome
Moody and Sons	Stockholm
Montoya Ltd	Stockholm
Smith-Montgomery	Manchester
Graham and Sons	Paris
Horton, Baker and Roberts	Amsterdam
Perry, Hart and Salazar	Brussels
Ramirez-Brown	Barcelona
Vargas and Sons	Manchester
King, Williams and Williams	Manchester
Taylor LLC	Rome
Johnston LLC	Stockholm
Dawson-Taylor	Brussels
Hull LLC	Barcelona
Lynch-Webb	Copenhagen
Perez, Randall and Davis	Paris
Gibson and Sons	Stockholm
Woodard-Smith	London
Hood and Sons	Hamburg
Schroeder-Frederick	Rome
Smith-Sullivan	Madrid
Velez, Reed and Pearson	Berlin
Williams Ltd	Amsterdam
Jones-Clark	Lisbon
Rivera, Maldonado and Ford	Copenhagen
Curtis Group	Rome
Lindsey Inc	London
Eaton Inc	Lisbon
Brown-Sanchez	Brussels
Owens, Stokes and Williams	London
Walker-Sutton	Copenhagen
Smith, Bishop and Livingston	Copenhagen
Kemp-Miller	Lisbon
Gonzalez Inc	Hamburg
Bell and Sons	Stockholm
White Group	Copenhagen
Brown, Ortega and Dalton	Lisbon
Taylor-King	Manchester
Powell Group	Manchester
Gibson, Jackson and Figueroa	Paris
Patterson LLC	Amsterdam
King and Sons	Brussels
Williams-Bentley	Barcelona
Drake-Wilson	London
Jackson-Logan	Berlin
Henderson-Daniels	Lisbon
Rojas Group	Berlin
Perez-Rose	Lisbon
Taylor-Smith	Barcelona
Barnes, Young and Snow	Stockholm
Hall-Villegas	Barcelona
Ray-Osborn	Berlin
Doyle and Sons	Rome
Richards, Hernandez and Nicholson	Copenhagen
Rodriguez, Jackson and Sanchez	Berlin
Sweeney, Herrera and Simmons	Copenhagen
Wheeler and Sons	Lisbon
Olson-Johnson	Amsterdam
Robinson-Ballard	Lisbon
Anderson Ltd	Rome
Cochran-Moore	Lisbon
Anderson, Smith and Rice	Paris
Diaz LLC	Copenhagen
Johnson and Sons	Rome
Washington Ltd	London
Williams-Norton	Paris
Leon-King	Madrid
Taylor LLC	Barcelona
Khan-Miller	Manchester
Davis-Lee	Rome
Cline-Mason	Amsterdam
Hoffman, Perkins and Henry	Lisbon
Guerrero Inc	Brussels
Welch-Gonzalez	Madrid
Galvan-Beltran	Manchester
Green, Miller and Wilson	Lisbon
Hall Ltd	Paris
Taylor-Mendoza	Stockholm
Lamb-Gamble	Stockholm
Pruitt-Russell	London
Hunt LLC	Manchester
Jones, Hawkins and Warner	London
Logan Inc	Madrid
Russell, Salazar and Lopez	Madrid
Lewis, Black and Moore	Stockholm
Mclean-Alexander	Hamburg
Taylor-Perez	Amsterdam
Donovan, Reynolds and Bailey	Copenhagen
Lawrence Inc	Stockholm
Ochoa-Bowers	Lisbon
Harris, King and Henderson	Amsterdam
Wolf PLC	Amsterdam
Dixon PLC	Barcelona
Fisher-Ellison	Berlin
Norton and Sons	Paris
Bryan-Johnson	London
Castro, Jennings and Kramer	Amsterdam
Jimenez-Johnson	Madrid
Lindsey, Haney and Malone	Manchester
Grant, Walker and Martinez	Lisbon
Kelly, Weaver and Gray	Rome
Davis-Scott	Amsterdam
Clark-Smith	Lisbon
Marquez, Brock and Beltran	Berlin
Reed-Bailey	Copenhagen
Sellers-Roberts	Paris
Bates-Nunez	Stockholm
Brooks Ltd	Hamburg
Villanueva-Dyer	Berlin
Anderson-Myers	Barcelona
Hicks-Stafford	Copenhagen
Torres Ltd	Barcelona
Bowman-Morgan	Manchester
Boyd Ltd	Paris
Barton, Walker and Leonard	Madrid
Suarez-Buckley	Paris
Kelley Inc	Manchester
Brown, Harper and Flores	Paris
Jones-Thomas	Amsterdam
Martin Inc	Copenhagen
Dean-Preston	Rome
Contreras-Cohen	Madrid
Barnes, Williams and Foster	Copenhagen
Harper, Steele and Francis	London
Smith LLC	Hamburg
Hardy-Morales	London
Miles PLC	Barcelona
Perez and Sons	Madrid
Jackson Inc	Copenhagen
Pittman, Malone and Erickson	Barcelona
Jones, Mann and Barker	Stockholm
Vargas-Gonzalez	Copenhagen
Gould-Jacobs	Lisbon
Saunders-Johns	Stockholm
Davis, Salinas and Bailey	Hamburg
Cruz, Mills and Robinson	Berlin
Delgado, Brown and Briggs	Manchester
Wood Group	Barcelona
Rocha-Lloyd	Barcelona
Chan-Smith	Stockholm
Hughes PLC	London
Howard LLC	Brussels
Fitzgerald Group	Stockholm
Dickson and Sons	Amsterdam
King PLC	Copenhagen
Villegas-Baker	London
Christian-Haney	Brussels
Maldonado PLC	Manchester
Davis-Ward	London
Dominguez, Mccall and Jones	London
Hawkins LLC	Barcelona
Smith, Ramsey and Hughes	Brussels
Schmidt, Flores and Smith	Rome
Matthews, Delgado and Anderson	London
Coleman Inc	Hamburg
Coffey, Baxter and Smith	Brussels
Meyers, White and Francis	Berlin
Moore-Rodriguez	Manchester
Carpenter-Scott	Stockholm
Stevens Ltd	London
Shea, Mcpherson and Flores	Paris
Oconnor, Burns and Campos	Madrid
Cooper, Johnson and House	London
Peterson Inc	Manchester
Dunn and Sons	Lisbon
Lyons, Thomas and Alvarez	Brussels
Roberts, Nelson and Wade	Madrid
Jones, Harris and Coleman	Stockholm
Mcclain PLC	Madrid
Friedman PLC	Amsterdam
Li, Leonard and Collins	Berlin
Williams LLC	Manchester
Cantu PLC	Hamburg
Guzman-Kelley	Barcelona
Martinez and Sons	Hamburg
Barber-Drake	Barcelona
Morse-Roberts	Barcelona
Oconnor PLC	Copenhagen
Gordon-Fuentes	Madrid
Schultz-Hutchinson	Stockholm
Dudley Group	Barcelona
Watson-Guerrero	Madrid
Sparks, Brown and Wilson	Manchester
Moore PLC	Amsterdam
Rodriguez, Hill and Hensley	Amsterdam
Alvarado, Clark and Quinn	Manchester
Fuentes-Lee	Lisbon
Summers LLC	Hamburg
Howard, Boyd and Parker	Madrid
Peterson, English and Kim	Rome
Caldwell, Sims and Campbell	Barcelona
Parker-Wilson	Barcelona
Case, Bauer and Berry	Rome
Marsh Ltd	Berlin
Smith Group	Copenhagen
Escobar-Adkins	Copenhagen
Jacobs, Sanders and Davis	Amsterdam
Bryan, Green and Douglas	Barcelona
Short and Sons	Berlin
Mckinney PLC	Berlin
Lewis LLC	Amsterdam
Ramirez Group	Stockholm
Diaz, Porter and Frost	Lisbon
Lopez Ltd	Barcelona
Warren LLC	Rome
Nelson-Watkins	Madrid
Frederick, Turner and Anderson	Amsterdam
Jackson, Cole and Carrillo	Rome
Allen-Keith	Lisbon
Moore Inc	Lisbon
Barnett-Mccarthy	Lisbon
Mercado-Kim	Stockholm
Martin-Scott	Lisbon
Andrews, Wilson and Dominguez	Copenhagen
Miller, Vaughan and Valentine	Hamburg
Perry Group	Amsterdam
Valdez, Rhodes and Massey	London
Cross PLC	Stockholm
Atkins-Lopez	Berlin
Bond-Cox	Amsterdam
Casey-Cox	Amsterdam
Salinas, Wolf and Thomas	Brussels
Johnson, Padilla and Fuentes	Hamburg
Gates, Johnson and Greer	Amsterdam
Bailey, Woodard and Dickerson	Hamburg
Rice, Tucker and Burnett	Berlin
Alvarado Group	Berlin
Rush-Lopez	Berlin
Beck, Stafford and Francis	Amsterdam
Hubbard Inc	Barcelona
Thompson-Garcia	Copenhagen
Haynes Group	Stockholm
Ramirez-Thomas	Stockholm
Johnson, Richardson and Frost	Brussels
Hale, Young and Brown	Stockholm
Wright-Todd	Hamburg
Kim and Sons	Berlin
Mack-Bennett	Stockholm
Jordan PLC	Barcelona
Johnston-Rodriguez	Hamburg
Johnson-Howard	Berlin
Ray, Quinn and Rodriguez	Paris
Hodge-Howard	Manchester
Smith, Clark and Jenkins	Brussels
Reyes, Griffin and Mills	Amsterdam
Flores-Camacho	Barcelona
Sparks PLC	Stockholm
Hill, Barnett and Delacruz	Lisbon
Dillon, Richard and Fritz	Stockholm
Holden-Marks	Lisbon
Carlson Inc	Brussels
Mccoy-Chambers	Berlin
Johnson-Fleming	Paris
Torres PLC	Stockholm
Wolf LLC	Madrid
Brooks-Alexander	London
Richardson, Moore and Reid	Brussels
Martin-Rodriguez	Amsterdam
Ray-Martinez	Rome
Larson Ltd	Berlin
Smith, Stokes and Hunt	Lisbon
Ruiz, Evans and Williams	Brussels
Oneal-Singh	Barcelona
Burns-Reyes	Copenhagen
Petersen, Blackburn and Martinez	Lisbon
York, Nguyen and Alvarez	Rome
Martinez-Barton	London
Rodriguez Inc	Berlin
Walker, Beard and Black	London
Evans, Olsen and Mejia	Copenhagen
Hartman-Moreno	Stockholm
Smith PLC	Paris
Vega LLC	Copenhagen
Young, Coleman and Vega	Amsterdam
Harris Inc	Copenhagen
Ruiz, Tran and Campbell	Copenhagen
Booker-Walker	Barcelona
Roberts-Martinez	London
Robertson Group	Copenhagen
Simon, Miller and Orozco	Lisbon
Collins, Riley and Hall	Amsterdam
Santiago PLC	Paris
Lloyd PLC	Lisbon
Perez and Sons	Amsterdam
Smith, Glover and Williams	Stockholm
Pierce Ltd	London
Chase and Sons	Amsterdam
Nelson, Curry and Robinson	Berlin
Hodge and Sons	Madrid
Nguyen Group	Berlin
Burns-Tucker	Lisbon
Nelson LLC	Madrid
Ford, Wilson and Washington	Lisbon
Miranda-Mcclain	Amsterdam
Hughes-Jordan	London
Mitchell, Wade and Huerta	Barcelona
Johnson PLC	Brussels
Carter, Espinoza and Torres	Brussels
Davis and Sons	Paris
Carter Group	Rome
Bryan-Byrd	Amsterdam
King, Hale and Baker	Berlin
Clark-Jackson	Paris
Moore PLC	London
Floyd, Walker and Ryan	Rome
Miller PLC	Rome
Jackson, Key and Miller	Berlin
Daniels, Edwards and Wood	Paris
Fleming, Sweeney and Flores	Manchester
Mckinney PLC	Brussels
Beck Inc	London
Green Group	Brussels
Medina-Johnson	Manchester
Becker, Chung and Hayes	Barcelona
Lawrence, Ramirez and Odom	Madrid
Calhoun LLC	Manchester
Rodriguez Group	Hamburg
Mccarthy Ltd	Rome
Brady, Martin and Long	Paris
Bush LLC	Madrid
Robertson, Dominguez and Zamora	Barcelona
Marshall LLC	Rome
Reese, Robinson and Colon	Rome
Kelley-Lara	Madrid
Bailey-Mason	Stockholm
James, Phillips and Franco	Copenhagen
Ortega-Jones	Stockholm
Evans-Goodman	Stockholm
Mendez Group	Stockholm
Carpenter, Blake and Robinson	Brussels
Bailey and Sons	London
Bell, Lee and Fisher	Rome
Williams-Morgan	Barcelona
Valentine, Jackson and Davis	Brussels
Liu Ltd	Copenhagen
Ross-Schmitt	Lisbon
Young Ltd	Manchester
Oconnor-Hudson	Stockholm
Carroll Ltd	Lisbon
Griffin Inc	Lisbon
Lara Inc	Hamburg
Miller-Kramer	Paris
Gonzalez-Kent	Amsterdam
Simmons Ltd	Berlin
Rodgers, Davis and Hernandez	Lisbon
Rodriguez, Dunn and Harrington	Madrid
Nelson and Sons	Madrid
Norris-Gibson	Stockholm
Duncan-Obrien	Stockholm
Valdez LLC	Barcelona
Mckinney, Long and Miller	Brussels
Edwards, Collins and Mccullough	Paris
Kerr Group	Barcelona
Washington-Vincent	Amsterdam
Bernard Group	Hamburg
Mccullough and Sons	Amsterdam
Harrison-Mcclure	Copenhagen
Santos, Chandler and Spencer	Manchester
Case, Bradford and Lee	Brussels
Vance, Johnson and James	London
Lee and Sons	Hamburg
Duncan, Pacheco and Molina	Manchester
Huffman, Wolf and Thomas	Paris
Fleming-Spencer	Rome
Hall-Melendez	Barcelona
Clark Inc	Hamburg
Douglas-Matthews	Stockholm
Campbell Ltd	Stockholm
Owens-Davis	Copenhagen
Gill, Evans and Payne	Lisbon
Cooper, Brown and York	Madrid
Vaughn PLC	Berlin
Garza-Russell	Hamburg
Randolph PLC	Madrid
Brooks-Wood	Barcelona
Morales PLC	Copenhagen
Lee, Johns and Salas	Copenhagen
Berg Group	Amsterdam
Norman, Salas and Hamilton	Lisbon
Smith, Soto and Bean	Barcelona
Hernandez-Macias	Amsterdam
Quinn, Brooks and Russell	Amsterdam
Kennedy-Thompson	Rome
Mills-Ross	Copenhagen
Williams Inc	Berlin
Daniels-Olson	Rome
Terrell and Sons	Brussels
Brown PLC	Paris
Silva, Bell and Alexander	Barcelona
Parker and Sons	Lisbon
Scott-Morgan	Lisbon
Dunn-Rice	Rome
Melton-Spencer	Hamburg
Hays Ltd	Stockholm
Barnett-Wright	Madrid
Glass, Obrien and Robinson	London
Davis Ltd	Rome
Cox-Taylor	Berlin
Cole-Hernandez	Copenhagen
Thomas, Scott and Garcia	Stockholm
Maldonado, Bradford and Morris	Madrid
Clark, Carter and Moody	Hamburg
Walter, Mahoney and Chase	Stockholm
Carr-Kennedy	Hamburg
Myers, Bradshaw and Kelly	London
Mosley and Sons	Barcelona
Fleming, Craig and Ross	Paris
Castro, Juarez and Mcneil	Paris
Diaz-Hernandez	Madrid
Dawson and Sons	Copenhagen
Price, Clarke and Shaw	Barcelona
Erickson-Holt	Manchester
Benitez and Sons	Barcelona
Barker, Davis and Hernandez	Manchester
Alexander, Griffin and Le	Barcelona
Scott-Reed	Berlin
Carroll Group	Rome
Walker Group	Copenhagen
Rhodes-Kennedy	Hamburg
Ramirez-Clark	Brussels
Velez, Reynolds and Acosta	Rome
Wiggins, Lewis and Nichols	Stockholm
Robinson Group	Barcelona
Gordon, Thompson and Miller	Berlin
Clarke-Nguyen	Brussels
Bright LLC	London
Parrish LLC	London
Woods and Sons	Madrid
Ho LLC	Hamburg
Porter, Morgan and Thompson	Hamburg
Johnson-Edwards	Berlin
Madden-Powell	Brussels
Phillips LLC	Barcelona
Johnson, Wade and Hines	Rome
Jackson-Garcia	London
Sullivan-Brooks	Amsterdam
Mckay, Taylor and Conway	Madrid
Bailey, Brown and Martin	Stockholm
Boyd, Monroe and Smith	Hamburg
Bailey, Butler and Scott	Madrid
Johnson, Ward and Knight	Rome
Wiggins PLC	Manchester
Barnes, Rodriguez and Bond	Brussels
Willis Inc	Manchester
Garcia, Arellano and Lee	Rome
Anderson, Berg and Hall	Lisbon
Miller, Carpenter and Bray	Brussels
Robinson-Vasquez	Amsterdam
Taylor, Meyer and Smith	Berlin
Lopez, Tanner and Wright	Manchester
Smith, Hays and Horton	Rome
Bryan, Velazquez and Pierce	Madrid
Nguyen-Mathis	Manchester
Jensen, Willis and Shannon	London
Fisher, Williams and Le	Manchester
Payne, Wong and Carroll	Stockholm
Baker-Holland	Lisbon
Smith-Garcia	Amsterdam
Rocha-Hendricks	Hamburg
Farley, Johnson and Wright	Copenhagen
Stark, Jones and Riley	Rome
Smith and Sons	Brussels
Bruce-Pearson	Manchester
Hernandez-Jones	Hamburg
Hall, Hopkins and Chapman	Hamburg
White Inc	Paris
Elliott-Smith	Madrid
Smith PLC	Rome
Robinson, Hendrix and Wilcox	Madrid
Osborn-Wright	Madrid
Brown-Ponce	Barcelona
Smith-Velez	Brussels
Vasquez-Marshall	Brussels
James Ltd	Barcelona
Murray and Sons	Stockholm
Ward-Robinson	Rome
Oneill, Pugh and Smith	Amsterdam
Jones LLC	Barcelona
Wiggins PLC	Brussels
Richardson Inc	Hamburg
Hess PLC	Hamburg
Lewis-Parker	Rome
Peterson-Silva	Berlin
Powell PLC	Paris
Huynh and Sons	Barcelona
Brown and Sons	Berlin
Hill-King	Brussels
Harrison, Mitchell and Gomez	Manchester
Young-Turner	Brussels
Smith PLC	Stockholm
Brown, Cole and Clark	Brussels
Marshall, Walters and Greene	Hamburg
Ford-Lawson	Brussels
Fields, Hall and James	Paris
Sutton Group	Madrid
Bentley, Bell and Jackson	Berlin
Page LLC	Berlin
Rocha, Blackwell and Skinner	Stockholm
Robertson-Pena	Hamburg
Young, Grant and Jefferson	Barcelona
Martinez, Smith and Preston	London
Thomas, Nixon and Thomas	Manchester
Hart, West and Jenkins	Rome
Brown, Scott and Whitehead	Barcelona
Todd, Nichols and Brown	Copenhagen
Sutton Inc	Hamburg
Williamson PLC	Manchester
Salazar-Anderson	London
Boyd Ltd	London
Rice LLC	Lisbon
Harrison and Sons	Stockholm
Shepard-Gonzalez	Amsterdam
Mcbride-White	Berlin
Waters-Lopez	London
Golden Group	Berlin
Newman-Moreno	Copenhagen
Thomas-Cain	Paris
Butler-Robinson	Hamburg
Arroyo LLC	Brussels
Haas, Davis and Clarke	Paris
Williams Group	Brussels
Rivas and Sons	Madrid
Barton LLC	Amsterdam
Miller, Brennan and Knox	Rome
Williamson, Campos and Matthews	Barcelona
Lambert LLC	Brussels
Taylor-Washington	Berlin
Short-Tapia	Paris
Hull, Mcbride and Lee	Barcelona
Sellers, Mejia and Williams	Copenhagen
Gonzales-Burns	Hamburg
Crosby LLC	Stockholm
Jones, Davenport and Oneal	Stockholm
Long, Odom and Mcdaniel	Berlin
Vance, Reed and Rodriguez	London
Adams-Miller	Brussels
Welch and Sons	Lisbon
Tran, Tate and Love	Paris
Huffman Inc	Amsterdam
Dennis-Lewis	Paris
Smith-Holmes	Paris
Atkinson-Webb	Stockholm
Jackson LLC	Barcelona
Hernandez-Brooks	Hamburg
Lee and Sons	Paris
Alvarez Group	Brussels
Taylor Inc	Madrid
Perkins Inc	Paris
Shannon, Benjamin and Ramos	London
Cummings and Sons	Rome
Coleman-Roberts	Berlin
Allen, Williams and Johnson	Manchester
Molina Ltd	Lisbon
Zimmerman LLC	Lisbon
Elliott-Garcia	Amsterdam
Hale PLC	Berlin
Moreno-Carrillo	Copenhagen
Matthews-Mcdowell	Lisbon
Sims-Raymond	London
Perkins, Dean and Pittman	Paris
Caldwell, Shaffer and Harper	Hamburg
Ortiz-Garcia	Stockholm
Haas, Aguilar and Hensley	London
Martin, Roberts and Evans	Amsterdam
Norton, Schmidt and Sanders	Brussels
Poole LLC	Rome
Hopkins, Romero and Smith	Lisbon
Ortiz, English and Clements	London
Williams Ltd	Manchester
Reed-Pitts	Rome
Washington, Schultz and Owen	Amsterdam
Francis, Ayala and Garcia	Paris
Flores, Ellis and Mcknight	Lisbon
Valdez, Greene and Cruz	Berlin
Kelly, Acevedo and Cox	Brussels
Davis, Davis and Murray	Brussels
Lewis-Chen	Madrid
Martinez-Pugh	Lisbon
Bradley-Davis	Barcelona
Thompson Group	Manchester
Moon-Boone	Brussels
Bennett, Sanchez and Thomas	Berlin
Brown-Craig	Hamburg
Bullock Inc	Barcelona
Frank Group	Copenhagen
Sullivan, Wilkins and Anderson	Paris
Brown, Cross and Kelley	Copenhagen
Gray Group	Berlin
Santos and Sons	Amsterdam
Smith, Campbell and Wolfe	Madrid
Walters, Morales and Whitehead	London
Brewer Group	Barcelona
Levy, Jenkins and Paul	Brussels
Coleman-Zuniga	Copenhagen
Crosby Ltd	Manchester
Giles Group	Lisbon
Johnson, Frazier and Garcia	Manchester
Thomas, Hall and Brown	Berlin
Hill, Esparza and Simpson	Lisbon
Spencer, Hunt and Smith	Berlin
Lee PLC	Paris
Diaz LLC	Barcelona
Chaney, Molina and White	Berlin
Barton-Malone	Amsterdam
Ray-Stevens	Hamburg
Cook-Silva	Manchester
Johnson-Price	Madrid
Wilson Inc	Brussels
Ewing, Long and Miller	Stockholm
Wilcox, Marshall and Smith	Stockholm
Green, Morgan and Brown	Hamburg
Reyes Ltd	Amsterdam
Marsh, Smith and Hinton	Manchester
Hamilton, Collins and Smith	Hamburg
Carroll PLC	Berlin
Harper-Roberson	Paris
Anderson and Sons	Copenhagen
Adams and Sons	Stockholm
Reed-Gutierrez	London
Williams-Malone	Lisbon
Schmidt and Sons	Copenhagen
Bishop, Wilson and Garcia	Berlin
Grimes Group	Berlin
Goodman, Newton and Hall	Madrid
Smith, Schultz and Terry	Rome
Mitchell-Smith	Brussels
Pena-White	Paris
Aguilar-Mckay	Stockholm
Nunez, Charles and Palmer	Amsterdam
Williams, Contreras and Palmer	Paris
Rodriguez-Rhodes	Copenhagen
Salazar PLC	Manchester
Jenkins, Solis and Franklin	Paris
Cisneros, Perez and Phillips	Madrid
Nichols, Turner and Castaneda	Lisbon
Weber Inc	Manchester
Smith, Jordan and Hill	Rome
Russell-Hicks	Hamburg
Munoz-Smith	Hamburg
Pineda-Miller	Copenhagen
Rodriguez Inc	Amsterdam
Sanders-Myers	Brussels
Swanson, Vasquez and Calderon	Copenhagen
Bell LLC	Copenhagen
White, Smith and Jordan	London
Clayton-Bernard	Berlin
Williams-Smith	London
Rangel, Beltran and Crawford	Stockholm
Howard, King and Long	Brussels
Anderson, Prince and Cole	Madrid
Walls Inc	Berlin
Lewis-Thomas	Berlin
Garcia, Smith and Cooley	Berlin
Walker-Brown	Amsterdam
Walsh, Roberts and Sanford	Copenhagen
Nelson Group	Madrid
Harper-Mitchell	Paris
Flowers, Stone and Morgan	Berlin
Green, Perry and Lawrence	Amsterdam
Fisher LLC	Hamburg
Gomez, Mccormick and Cook	Hamburg
Baker Ltd	Lisbon
Arnold-Wells	Barcelona
Castillo LLC	Barcelona
Kline-Davis	Hamburg
Rice and Sons	Manchester
Chaney, Payne and Wood	Amsterdam
Adams, Kennedy and Long	Copenhagen
Hernandez-Ramsey	Berlin
Williams Inc	Copenhagen
Bradford, Boyd and Sims	Madrid
Ramos, Williams and Blanchard	Manchester
Williams LLC	Stockholm
Stewart and Sons	Madrid
Bailey, Ellis and Wilson	Manchester
Whitaker, Baldwin and Camacho	Lisbon
Jones, Phillips and Winters	Stockholm
Harvey, Anderson and Olson	Lisbon
Kramer PLC	Paris
Brown-Lewis	Rome
Gibson-Richardson	Rome
Rojas Inc	Rome
Bonilla, Mendez and Kelly	Paris
Oliver, Schmidt and Gonzales	Paris
Torres PLC	Manchester
Fox Ltd	Copenhagen
Fields Group	Brussels
Cook-Smith	Copenhagen
Mcconnell-Gomez	Hamburg
Glover, Lewis and King	Paris
Martinez Ltd	Manchester
Vargas-Cook	Paris
Williams-Cummings	Madrid
Hawkins-Matthews	Madrid
Hunter, Clark and Grant	London
Conner, Benson and Ramirez	Brussels
Franklin and Sons	Berlin
Anthony and Sons	Barcelona
Griffin PLC	Madrid
Hutchinson and Sons	Amsterdam
Duarte, Hunt and Morgan	Copenhagen
Cook, Robbins and Fields	Rome
Thompson and Sons	London
Garcia-Bailey	London
Moore, Peterson and Jones	Manchester
Allen PLC	Lisbon
Morrison, Osborne and Collins	Madrid
Graham LLC	Paris
Blackwell, Martinez and Thomas	Berlin
Jackson Group	Lisbon
Thomas PLC	Manchester
Chandler, Malone and Powell	Rome
Taylor Group	Stockholm
Christian, Brennan and Dawson	London
Jennings, Preston and Shelton	Rome
Chung Ltd	Madrid
Stone Group	Stockholm
Lewis-Torres	Brussels
Little-Barajas	Lisbon
Flores-Brock	Rome
Fox-Romero	Copenhagen
Gilbert-Sanchez	London
Williams Group	Barcelona
Jackson-Gutierrez	Paris
Perry-Hall	Lisbon
Miller, Solis and Peck	Brussels
Edwards-Cooper	Madrid
Williams PLC	Manchester
Wyatt Group	Barcelona
Macias-Powers	Paris
Campbell Ltd	Rome
Hoffman LLC	Rome
Jones-Cross	Amsterdam
Jones-Simmons	Brussels
Rivera and Sons	Barcelona
Mullen-Jones	Copenhagen
Reed-Martinez	Barcelona
French, Mack and Becker	Manchester
Phillips Inc	Hamburg
Schmidt, Zavala and Spencer	Copenhagen
Tran, Wright and Miller	Hamburg
Hicks, Cohen and Lewis	Brussels
Martin-Odonnell	Copenhagen
Franklin, Cross and Spears	Manchester
Mcgee-Robinson	Barcelona
Gomez-Russell	Rome
Hernandez-Rodriguez	Hamburg
Matthews Ltd	Hamburg
Macias, Nunez and Burns	Paris
Conley-Vaughan	London
Sullivan, Harrison and Bell	Brussels
Rodgers LLC	Paris
Nguyen, Sanchez and Brown	London
Mcclain and Sons	Madrid
Pearson-Rodriguez	Brussels
Humphrey PLC	Hamburg
Robinson, Guzman and Wilson	Hamburg
Cooper, Cohen and Richard	Hamburg
Carter-Gonzales	Lisbon
Klein, Williamson and Kennedy	Barcelona
Gill, Jones and Harrison	Stockholm
Davidson-Moore	Manchester
Lozano and Sons	Amsterdam
Cabrera and Sons	Copenhagen
Taylor-Bell	London
Alvarado-Smith	London
Flores-Brady	Brussels
Miller, Rice and Park	Lisbon
Carlson, Nelson and Schneider	Hamburg
Turner-Carter	Madrid
Miles-Parker	Berlin
Wilson-Jones	Stockholm
Garcia-Marshall	Copenhagen
Carter, Walter and Smith	Stockholm
Gonzalez PLC	Berlin
Kramer, Smith and Carter	Lisbon
Chavez, Arellano and Jones	Rome
Castro-Lopez	Amsterdam
King Inc	Paris
Nielsen-Scott	Lisbon
Adams LLC	Manchester
Mckinney-Williams	Rome
Pope-Zavala	Hamburg
Conway-Salazar	Rome
Alvarez, Patel and Alexander	Amsterdam
Walter and Sons	Copenhagen
Rocha-Martinez	Brussels
Cline LLC	Amsterdam
Rivera-Martin	Madrid
Thomas Inc	Lisbon
Harrison-Schultz	Manchester
Burton LLC	London
Cook, Stein and Stewart	Barcelona
Reese, Garcia and Ellis	Madrid
Thompson-Juarez	Paris
Turner, Rocha and Dorsey	Paris
Krause, Mills and Wise	Amsterdam
Rodriguez, Sanchez and Wilson	Stockholm
West Group	Hamburg
Williams LLC	Brussels
Patterson-Moran	Hamburg
Turner and Sons	Berlin
Brady-Leonard	Hamburg
Johnson-Flores	Stockholm
Haney, Johnson and Welch	Copenhagen
Dorsey-Cardenas	Paris
Smith, Levy and Wilson	Rome
Scott LLC	London
Clark-Strong	Copenhagen
Douglas, Glover and Harris	London
Turner-Stevens	Berlin
King-Allen	Amsterdam
Lewis Inc	Barcelona
Chapman-Jones	Brussels
Perry Inc	Berlin
Christian-Carter	Copenhagen
Adams LLC	Madrid
Santiago Group	London
Oconnell, Price and Castaneda	Barcelona
Decker, Kennedy and Vasquez	London
Armstrong, Jones and Alexander	Amsterdam
Ward, Nelson and Brown	Hamburg
Tucker PLC	Manchester
Mcmahon-Marshall	Stockholm
Weaver-Green	London
Dickerson, Jones and Vasquez	Rome
Johnson LLC	Manchester
Marquez, Ramirez and Parker	Paris
Boyd-Anderson	Brussels
Goodwin Inc	Berlin
Scott-Clarke	Lisbon
Combs Inc	Hamburg
Avery-Whitehead	Hamburg
Daniels PLC	Lisbon
Stone-Hernandez	Stockholm
Jackson, Wright and Johnson	Lisbon
Kim-Nelson	Amsterdam
Diaz-Juarez	Amsterdam
Martin, Moses and Rowland	Berlin
Finley PLC	Hamburg
Leonard, Orozco and Lewis	Hamburg
Bowman PLC	Paris
Trevino Inc	Paris
Butler, Trevino and Wallace	Paris
Curtis and Sons	Berlin
Taylor-Moran	Berlin
Adams, Henry and Cooley	Copenhagen
Gallagher, Bradford and Payne	Amsterdam
Gibson LLC	London
